{"cameraMode":{"drawMode":0,"name":"Shaded","section":"Shading Mode"},"sceneLighting":true,"audioPlay":false,"sceneViewState":{"m_AlwaysRefresh":false,"showFog":true,"showSkybox":true,"showFlares":true,"showImageEffects":true,"showParticleSystems":true,"showVisualEffectGraphs":true,"m_FxEnabled":false},"in2DMode":false,"pivot":{"x":140.70419311523438,"y":267.5411376953125,"z":416.7808837890625},"rotation":{"x":-0.16720855236053468,"y":-0.0050201634876430038,"z":0.0008524630102328956,"w":-0.985910177230835},"size":358.795654296875,"orthographic":false}