{"cameraMode":{"drawMode":0,"name":"Shaded","section":"Shading Mode"},"sceneLighting":true,"audioPlay":false,"sceneViewState":{"m_AlwaysRefresh":false,"showFog":true,"showSkybox":true,"showFlares":true,"showImageEffects":true,"showParticleSystems":true,"showVisualEffectGraphs":true,"m_FxEnabled":false},"in2DMode":false,"pivot":{"x":371.5653991699219,"y":600.4434814453125,"z":-34.16717529296875},"rotation":{"x":-0.15374641120433808,"y":-0.04207189008593559,"z":0.006553357001394033,"w":-0.9871940016746521},"size":264.87603759765627,"orthographic":false}