{"cameraMode":{"drawMode":0,"name":"Shaded","section":"Shading Mode"},"sceneLighting":true,"audioPlay":false,"sceneViewState":{"m_AlwaysRefresh":false,"showFog":true,"showSkybox":true,"showFlares":true,"showImageEffects":true,"showParticleSystems":true,"showVisualEffectGraphs":true,"m_FxEnabled":false},"in2DMode":false,"pivot":{"x":311.17901611328127,"y":567.6856689453125,"z":-43.44512939453125},"rotation":{"x":-0.1805008351802826,"y":0.006794637069106102,"z":-0.0012458987766876817,"w":-0.983552098274231},"size":321.3168029785156,"orthographic":false}