{"cameraMode":{"drawMode":0,"name":"Shaded","section":"Shading Mode"},"sceneLighting":true,"audioPlay":false,"sceneViewState":{"m_AlwaysRefresh":false,"showFog":true,"showSkybox":true,"showFlares":true,"showImageEffects":true,"showParticleSystems":true,"showVisualEffectGraphs":true,"m_FxEnabled":false},"in2DMode":false,"pivot":{"x":255.08633422851563,"y":390.80267333984377,"z":48.12518310546875},"rotation":{"x":0.3593590259552002,"y":-0.19658665359020234,"z":0.07772264629602432,"w":0.9089416861534119},"size":312.6429138183594,"orthographic":false}