{"cameraMode":{"drawMode":0,"name":"Shaded","section":"Shading Mode"},"sceneLighting":true,"audioPlay":false,"sceneViewState":{"m_AlwaysRefresh":false,"showFog":true,"showSkybox":true,"showFlares":true,"showImageEffects":true,"showParticleSystems":true,"showVisualEffectGraphs":true,"m_FxEnabled":false},"in2DMode":false,"pivot":{"x":357.86224365234377,"y":594.0885620117188,"z":-33.34584426879883},"rotation":{"x":-0.16720855236053468,"y":-0.0050201634876430038,"z":0.0008524630102328956,"w":-0.985910177230835},"size":328.4654235839844,"orthographic":false}