{"cameraMode":{"drawMode":0,"name":"Shaded","section":"Shading Mode"},"sceneLighting":true,"audioPlay":false,"sceneViewState":{"m_AlwaysRefresh":false,"showFog":true,"showSkybox":true,"showFlares":true,"showImageEffects":true,"showParticleSystems":true,"showVisualEffectGraphs":true,"m_FxEnabled":false},"in2DMode":false,"pivot":{"x":328.9184265136719,"y":519.9242553710938,"z":-63.52777099609375},"rotation":{"x":-0.21577921509742738,"y":-0.009365702979266644,"z":0.0020708655938506128,"w":-0.9763967394828796},"size":250.69081115722657,"orthographic":false}